Grigio Loafer,0810_lana_look01_22.jpeg
Griffon Coat in Black,0810_lana_look01_34.jpeg
Graphic Dress,0810_lana_look01_43.jpeg
Diamond Weave Trouser in Sky,1-26-15_Addis_Look_20_14602_1129.jpeg
Distressed Motorcycle Jacket,1-26-15_Addis_Look_20_14602_1132.jpeg
Dix Skirt,1-26-15_Addis_Look_20_14602_1146.jpeg
Chambray Boyfriend Shirt in Blue,1-26-15_Addis_Look_21_12990_1149.jpeg
Cena Skirt,1-26-15_Addis_Look_21_12990_1154_copy.jpeg
Charles Hat in Steel Grey,1-26-15_Addis_Look_21_12990_1154.jpeg
Chambray Shirtdress in Blue,1-26-15_Addis_Look_21_12990_1155.jpeg
Chaleb Shirt,1-26-15_Addis_Look_21_12990_1161.jpeg
Diamond No Show,1-26-15_Addis_Look_22_14597_1172.jpeg
Diamond Scarf in Black/Natural,1-26-15_Addis_Look_22_14597_1174.jpeg
Dial Dress,1-26-15_Addis_Look_22_14597_1175_copy.jpeg
Diamond Slip-On in White,1-26-15_Addis_Look_22_14597_1175.jpeg
Deskle Cardigan in Heather,1-26-15_Addis_Look_23_14594_1181.jpeg
Desna Dress,1-26-15_Addis_Look_23_14594_1187.jpeg
Denim Dress in Denim,1-26-15_Addis_Look_23_14594_1190_copy.jpeg
Delicious Lace Camisole,1-26-15_Addis_Look_23_14594_1190.jpeg
Delicious Lace Slip,1-26-15_Addis_Look_23_14594_1192.jpeg
Floridia Leather Skirt,1-26-15_Addis_Look_25_15595_1229.jpeg
Floral Tent Dress in White,1-26-15_Addis_Look_25_15595_1230.jpeg
Formal Pant,1-26-15_Addis_Look_25_15595_1236.jpeg
Fraser Jacket,1-26-15_Addis_Look_25_15595_1242.jpeg
Frayed Shirt,1-26-15_Addis_Look_25_15595_1244.jpeg
Floral Button-Up in Blue,1-26-15_Addis_Look_26_15581_1249.jpeg
Floral Cashmere Scarf,1-26-15_Addis_Look_26_15581_1251.jpeg
Floral Front Peasant Blouse in White,1-26-15_Addis_Look_26_15581_1257.jpeg
Float Bead Earring in Pearl,1-26-15_Addis_Look_26_15581_1260.jpeg
Floral Lined Jacket,1-26-15_Addis_Look_26_15581_1266.jpeg
Floral Sleeveless Dress,1-26-15_Addis_Look_26_15581_1267.jpeg
Casual Classic Shirt,1-26-15_Addis_Look_27_12858_1274.jpeg
Casual Indigo Shirt,1-26-15_Addis_Look_27_12858_1280.jpeg
Casual Trousers,1-26-15_Addis_Look_27_12858_1283.jpeg
Casio Trousers in Stone,1-26-15_Addis_Look_27_12858_1293.jpeg
Casual Tuxedo Shirt,1-26-15_Addis_Look_27_12858_1296.jpeg
Cellular Weave Shirt,1-26-15_Addis_Look_27_12858_1307.jpeg
Grand Trunk,2014_08_10_Lana_Look05_265.jpeg
Golf Shoe in White,2014_08_10_Lana_Look05_267.jpeg
Goof Jacket in Tar,2014_08_10_Lana_Look05_268.jpeg
Low Top Sneaker,2014_08_10_Lana_Look13_03.jpeg
Luke Shirt in Red Stripe,2014_08_10_Lana_Look13_04.jpeg
Ludo Vest in Marine,2014_08_10_Lana_Look13_05.jpeg
Madame L Blouse in Leopard,2014_08_10_Lana_Look13_06.jpeg
Lynn Shirt,2014_08_10_Lana_Look13_07.jpeg
Riri Bracelet,2014_08_10_Lana_Look24_01.jpeg
Riri Skirt,2014_08_10_Lana_Look24_02.jpeg
Riton Bracelet,2014_08_10_Lana_Look24_06.jpeg
Riot Top,2014_08_10_Lana_Look24_07.jpeg
Robe Dress,2014_08_10_Lana_Look24_12.jpeg
Marl Jacket,2014_08_10_Lana_Look32_02.jpeg
Marquee Coat in Steel,2014_08_10_Lana_Look32_04.jpeg
Marrone Oxford in Brown,2014_08_10_Lana_Look32_05.jpeg
Marsacco Lace Up in Bark,2014_08_10_Lana_Look32_06.jpeg
Ring 76 in Gold Multi,2014_08_10_Lana_Look35_19.jpeg
Ring 83 in Gold,2014_08_10_Lana_Look35_21.jpeg
Ring Belt,2014_08_10_Lana_Look35_23.jpeg
Rio Cardigan,2014_08_10_Lana_Look35_24.jpeg
Ring 77 in Sterling Silver,2014_08_10_Lana_Look35_25.jpeg
Golf Shoes in Brown,2014_08_10_Lana_Look5_02.jpeg
Ribbed Short Sleeve Knit,2014_08_10_Lana_Look5_06.jpeg
Riga Jacket in Tar,2014_08_10_Lana_Look5_09.jpeg
Ring 24 in Silver,2014_08_10_Lana_Look6_03.jpeg
Riccardo Button-Up in Plaid Multi,2014_08_10_Lana_Look6_05.jpeg
Pikki Mittens in Blue,2014_08_10_Lana_Look8_26.jpeg
Erik Scarf,2014_08_11_Lana_Look1_02.jpeg
Elvira Dress in Black,2014_08_11_Lana_Look1_04.jpeg
Embraced Tunic,2014_08_11_Lana_Look1_06.jpeg
Elodie Leather Wallet in Black,2014_08_11_Lana_Look1_07.jpeg
Emanuela Jacket,2014_08_11_Lana_Look1_10.jpeg
Epicurean Backpack,2014_08_11_Lana_Look1_11.jpeg
Epicurean iPad Case,2014_08_11_Lana_Look1_12.jpeg
Ultime Silk Shirt Dress,2014_08_11_Lana_Look2_01.jpeg
Twist Top,2014_08_11_Lana_Look2_02.jpeg
Two Button Blazer,2014_08_11_Lana_Look2_03.jpeg
Two Button Henley,2014_08_11_Lana_Look2_04.jpeg
Ultime Shirt Dress,2014_08_11_Lana_Look2_05.jpeg
Donna Low Top,2014_08_11_Lana_Look4_02.jpeg
Double Collar Blouse,2014_08_11_Lana_Look4_06.jpeg
Double Breasted Hoodie in Forest Plaid,2014_08_11_Lana_Look4_08.jpeg
Double Pocket Blazer in Black,2014_08_11_Lana_Look4_09.jpeg
Double Pocket Skirt,2014_08_11_Lana_Look4_10.jpeg
Dolpo Shawl in Red Multi,2014_08_11_Lana_Look4_11.jpeg
Double Zip Clutch,2014_08_11_Lana_Look4_12.jpeg
Everest Stripe Sock,2014_08_11_Lana_Look5_02.jpeg
Eulera Leather Skirt in Cream,2014_08_11_Lana_Look5_03.jpeg
Fancy Wool Pant in Black,2014_08_11_Lana_Look5_04.jpeg
Fair Isle Vest in Army,2014_08_11_Lana_Look5_06.jpeg
Fair Top,2014_08_11_Lana_Look5_07.jpeg
Extra Long Sleeve Sweater in Cavern,2014_08_11_Lana_Look5_08.jpeg
Wrap Sandal in Black/Steel,2014_09_06_Lana_Look10_17.jpeg
Knitted Cashmere Pullover,2014_09_06_Lana_Look14_04.jpeg
V-Neck Dress,2014_09_06_Lana_Look14_05.jpeg
Kraig Hat in Steel Grey,2014_09_06_Lana_Look14_06.jpeg
Utility Jacket,2014_09_06_Lana_Look14_07.jpeg
Knitted Trouser,2014_09_06_Lana_Look14_08.jpeg
Kobe Vest in Brown,2014_09_06_Lana_Look14_09.jpeg
Knot Dress,2014_09_06_Lana_Look14_11.jpeg
V-Neck Tee,2014_09_06_Lana_Look14_12.jpeg
Knit Neck Warmer in Grey,2014_09_06_Lana_Look14_13.jpeg
Sleeveless Pleated Dress in Navy,2014_09_06_Lana_Look15_04.jpeg
Sleeveless Jumpsuit in Navy,2014_09_06_Lana_Look15_08.jpeg
Sleeveless Tunic,2014_09_06_Lana_Look15_13.jpeg
Slim Chino,2014_09_06_Lana_Look15_15.jpeg
Worker Jumpsuit in Navy,2014_09_06_Lana_Look20_03.jpeg
Woven Bermuda Short,2014_09_06_Lana_Look20_05.jpeg
Workers Shirt Jacket,2014_09_06_Lana_Look20_07.jpeg
Woven Dress,2014_09_06_Lana_Look20_08.jpeg
Stretch Fitted Pant in Black,2014_09_06_Lana_Look23_07.jpeg
Striped Pullover,2014_09_06_Lana_Look23_11.jpeg
Striped Button Up,2014_09_06_Lana_Look23_16_41f52410-1cc3-40a9-a824-0335b145e5bb.jpeg
Stripe Textile,2014_09_06_Lana_Look23_17.jpeg
Stretch Tee in Milk,2014_09_06_Lana_Look23_18.jpeg
Hand Dyed Silk Top,2014_09_06_Lana_Look26_07.jpeg
Hawthorn Cardigan,2014_09_06_Lana_Look26_09.jpeg
Swing Bomber in Black,2014_09_06_Lana_Look28_10_fbf084c1-a418-4e9d-9071-5d8c6fba4d1a.jpeg
Swift Low Blazer in Navy,2014_09_06_Lana_Look28_12_9f7c0d79-e705-4cee-897c-ec660a02cb65.jpeg
Symphonie Sweatshirt in Black,2014_09_06_Lana_Look28_13.jpeg
Sleeveless Fitted Dress,2014_09_06_Lana_Look3_01.jpeg
Sleeveless Cape Jacket,2014_09_06_Lana_Look3_05.jpeg
Sleeveless Dress,2014_09_06_Lana_Look3_07.jpeg
Sleeveless Harem Flightsuit,2014_09_06_Lana_Look4_14.jpeg
Sleeveless Flow Dress,2014_09_06_Lana_Look4_16.jpeg
Skinny Stretch Jean in Indigo,2014_09_06_Lana_Look5_03.jpeg
Sinclair Trouser in Navy Stripe,2014_09_06_Lana_Look5_05.jpeg
Sleeve Dress,2014_09_06_Lana_Look5_08.jpeg
Sleeve Top in Navy Stripe,2014_09_06_Lana_Look5_10.jpeg
Leather Loafer in Lime,2014_09_26_Spencer_Look_06_02.jpeg
Leather Loafer in Rose,2014_09_26_Spencer_Look_06_03.jpeg
Leather Panel Trouser in Black,2014_09_26_Spencer_Look_06_05.jpeg
Lee Straight Jean,2014_09_26_Spencer_Look_06_06.jpeg
Lemy Blazer in Grey,2014_09_26_Spencer_Look_06_08.jpeg
Woven Oversized Tote in Red Stripe,2014_10_11_Lana_Look1_01.jpeg
Woven Pant,2014_10_11_Lana_Look1_03.jpeg
Woven Pleat Back Coat,2014_10_11_Lana_Look1_05.jpeg
Woven Shirt,2014_10_11_Lana_Look1_06.jpeg
Woven Shorts in Black,2014_10_11_Lana_Look1_08.jpeg
Wool Shoulder Pouch in Black/White,2014_10_11_Lana_Look6_01.jpeg
Work Vest in Tan,2014_10_11_Lana_Look6_05.jpeg
Wool Cropped Pant in Navy,2014_10_11_Lana_Look6_06.jpeg
Mini Spiral Scarf,2014_10_18_Addis_Look0104_7f219876-9d30-4438-9ad8-fadaf3dbabac.jpeg
Minerva Dress,2014_10_18_Addis_Look0105_39093963-6abc-43ad-99a7-f800af27d9ce.jpeg
Napilla Dress,2014_10_18_Addis_Look0111.jpeg
Nathan Necklace,2014_10_18_Addis_Look0112.jpeg
Nawa Tank,2014_10_18_Addis_Look0113.jpeg
Neil Hat,2014_10_18_Addis_Look0114.jpeg
Neoprene Flower Coat in Black,2014_10_18_Addis_Look0116.jpeg
Net Dress in Black,2014_10_18_Addis_Look0120.jpeg
Net Panel Skirt,2014_10_18_Addis_Look0121.jpeg
Quin Argyle Crew in Brown,2014_10_18_Addis_Look0301.jpeg
Rab Top,2014_10_18_Addis_Look0302.jpeg
Raglan Maniche Coat in Olive,2014_10_18_Addis_Look0303.jpeg
Wide Cropped Trouser in Navy,2014_10_18_Addis_Look0905.jpeg
Western Arkansas Button-Up in Dark Hash Floral,2014_10_18_Addis_Look0906.jpeg
Western Arkansas Button-Up in Grey Floral,2014_10_18_Addis_Look0907.jpeg
Wett Coat,2014_10_18_Addis_Look0908.jpeg
Wide Cropped Trouser in Black,2014_10_18_Addis_Look0909.jpeg
Mod Top,2014_10_18_Addis_Look1002.jpeg
Morten Jacket in Black,2014_10_18_Addis_Look1006.jpeg
Organza Swing Top,2014_10_18_Addis_Look1008.jpeg
Orietta Coat in Tan,2014_10_18_Addis_Look1009.jpeg
Oscar Cuff,2014_10_18_Addis_Look1010.jpeg
Oscar Luggage Tag in Blueberry,2014_10_18_Addis_Look1011.jpeg
Oscar Luggage Tag in Rose,2014_10_18_Addis_Look1012.jpeg
One Shoulder Dress in Navy,2014_10_18_Addis_Look1213_4cd1c41a-f5ff-4bb6-a311-b885c1f3e69d.jpeg
Organza Feather Top,2014_10_18_Addis_Look1215.jpeg
Organza Ruffle Top,2014_10_18_Addis_Look1216.jpeg
Oniva Top,2014_10_18_Addis_Look1218.jpeg
Orang Outang Sock in Bark,2014_10_18_Addis_Look1219.jpeg
Nuit Shorts in Black,2014_10_18_Addis_Look1303.jpeg
Oaxacan Bracelet in Garnet,2014_10_18_Addis_Look1304.jpeg
Nylon Long Jacket,2014_10_18_Addis_Look1305.jpeg
Stiro Oxford in Slate,2014_10_18_Lana_Look0501.jpeg
Simple in Jasper Blue,2014_10_18_Lana_Look0503.jpeg
Stell Top,2014_10_18_Lana_Look0504.jpeg
Simple Scarf in Latte,2014_10_18_Lana_Look0505_57a836dc-1493-4231-9e7e-e81723343016.jpeg
Stiro Oxford in Black,2014_10_18_Lana_Look0505.jpeg
Simple Scarf in Grey,2014_10_18_Lana_Look0506_94dda805-4859-490f-9daa-b44f31485e3e.jpeg
Stella Ring,2014_10_18_Lana_Look0506.jpeg
Simple Scarf in Old Black,2014_10_18_Lana_Look0507_a9218bb7-7645-4394-903a-b6598b88b65b.jpeg
Straight Seam Trouser in Black,2014_10_18_Lana_Look0507.jpeg
3/4 Sleeve Kimono Dress,2014_10_18_Lana_Look1101.jpeg
A-Line Jacket,2014_10_18_Lana_Look1103.jpeg
5 Pocket Jean,2014_10_18_Lana_Look1104.jpeg
A-Line Mini Dress in Blue,2014_10_18_Lana_Look1105.jpeg
ACB Top,2014_10_18_Lana_Look1401.jpeg
A-Line Pocket Shift in Black,2014_10_18_Lana_Look1402.jpeg
Adania Pant,2014_10_18_Lana_Look1403.jpeg
Alex Twill Pant in Mariner,2014_10_18_Lana_Look1404.jpeg
Fitted Trouser,2014_10_18_Lana_Look2601.jpeg
Five Button Blazer,2014_10_18_Lana_Look2605.jpeg
Five Button Cotton Blazer,2014_10_18_Lana_Look2606.jpeg
Flat Front Cuffed Trouser,2014_10_18_Lana_Look2607.jpeg
Fleece Jersey Dress in Black,2014_10_18_Lana_Look2608.jpeg
Tall Bag in Black,2014_10_25_Lana_Look11_01.jpeg
Tapered Boat Neck Dress,2014_10_25_Lana_Look11_02.jpeg
Tapered Trouser,2014_10_25_Lana_Look11_03.jpeg
Tanjore Button Up,2014_10_25_Lana_Look11_04.jpeg
Taurin Jacket in Navy,2014_10_25_Lana_Look11_05.jpeg
Telegono Hoodie,2014_10_25_Lana_Look11_06.jpeg
Tenda Bag,2014_10_25_Lana_Look14_01.jpeg
Tessuto Jacket in Cream,2014_10_25_Lana_Look14_02.jpeg
Tencel Jersey Mini in Heather Grey,2014_10_25_Lana_Look14_03.jpeg
Tessuto Jacket in Navy,2014_10_25_Lana_Look14_04.jpeg
Curved Stripe Knit Tank,2014_10_25_Lana_Look19_01.jpeg
Dapin Dress,2014_10_25_Lana_Look19_02.jpeg
Daisy Dress,2014_10_25_Lana_Look19_03.jpeg
Darell Jacket,2014_10_25_Lana_Look19_04.jpeg
Hidden Placket Cardigan in Charcoal,2014_10_25_Lana_Look28_01.jpeg
Hempel Shirt in White,2014_10_25_Lana_Look28_02.jpeg
Hidden Placket Cardigan in Black,2014_10_25_Lana_Look28_03.jpeg
Hibi T-Shirt,2014_10_25_Lana_Look28_04.jpeg
Comfort Tee in White Wool Blend,2014_10_25_Lana_Look30_01.jpeg
Comfort Tee in White Linen,2014_10_25_Lana_Look30_02.jpeg
Compostella Scarf,2014_10_25_Lana_Look30_03.jpeg
Long Military Jacket,2014_10_25_Lana_Look37_01.jpeg
London Stripe Sock,2014_10_25_Lana_Look37_02.jpeg
Long Pencil Skirt in Black,2014_10_25_Lana_Look37_03.jpeg
Long Sleeve Blouse in Black/Floral,2014_10_25_Lana_Look37_04.jpeg
Long Sleeve Box Blouse,2014_10_25_Lana_Look37_05.jpeg
Camoscio Zip Heel,2014_10_25_Lana_Look42_01.jpeg
Camiliah Trouser in Black,2014_10_25_Lana_Look42_02.jpeg
Candle in Riz Blanc,2014_10_25_Lana_Look42_04.jpeg
Camoscio Heel,2014_10_25_Lana_Look42_05.jpeg
Candle in Sichuan,2014_10_25_Lana_Look42_06.jpeg
Candle in Turpentine,2014_10_25_Lana_Look42_07.jpeg
Pleated Sleeve Tunic in White,2014_10_25_Lana_Look5_01.jpeg
Pleated Waistband Trouser in Black,2014_10_25_Lana_Look5_04.jpeg
Pleated Wool Skirt in Navy,2014_10_25_Lana_Look5_06.jpeg
Poetry Bandana,2014_10_25_Lana_Look5_07.jpeg
Poet Silk Sweater in Black,2014_10_25_Lana_Look5_08.jpeg
Pointed Collar Blouse in Rose,2014_10_25_Lana_Look5_09.jpeg
Canvas Sneaker,2014_10_25_Lana_Look50_03.jpeg
Canvas Trouser,2014_10_25_Lana_Look50_04.jpeg
Cape Dress,2014_10_25_Lana_Look50_05.jpeg
Cargo Pant,2014_10_25_Lana_Look50_07.jpeg
Carsten Gab Shirt,2014_10_25_Lana_Look50_08.jpeg
Ballerina Flat,2014_11_17_Lana_Look02_01.jpeg
Ballet Top,2014_11_17_Lana_Look02_02.jpeg
Balloon Cotton Dress in Yellow,2014_11_17_Lana_Look02_03.jpeg
Banda Trouser,2014_11_17_Lana_Look02_04.jpeg
Ball Point Sock,2014_11_17_Lana_Look02_05.jpeg
Barette Hat,2014_11_17_Lana_Look02_06.jpeg
Basic Loafer,2014_11_17_Lana_Look034_01.jpeg
Basic Cotton Button Up,2014_11_17_Lana_Look034_02.jpeg
Basic Gilet in Navy,2014_11_17_Lana_Look034_05.jpeg
Basic Short,2014_11_17_Lana_Look034_07.jpeg
Basic Tie,2014_11_17_Lana_Look034_08.jpeg
Bean Dress,2014_11_17_Lana_Look05_01.jpeg
Bell Dress,2014_11_17_Lana_Look05_03.jpeg
Bell Top,2014_11_17_Lana_Look05_04.jpeg
Belted Jeans,2014_11_17_Lana_Look05_05.jpeg
Belted Surplus Dress,2014_11_17_Lana_Look05_06.jpeg
Berry Top,2014_11_17_Lana_Look05_07.jpeg
Feather Weight Short,2014_11_17_Lana_Look11_01.jpeg
Feather Weight Tunic,2014_11_17_Lana_Look11_02.jpeg
Fitted Tee,2014_11_17_Lana_Look11_03.jpeg
Finnigan Shirt,2014_11_17_Lana_Look11_04.jpeg
Fitted Skirt,2014_11_17_Lana_Look11_05.jpeg
Fantasma Bag in Mud,2014_11_17_Lana_Look13_01.jpeg
Feather Sash,2014_11_17_Lana_Look13_02.jpeg
Fani Top,2014_11_17_Lana_Look13_03.jpeg
Farlill Heel in Brown,2014_11_17_Lana_Look13_04.jpeg
Feather Ribbed Tank,2014_11_17_Lana_Look13_05.jpeg
Egon Pant in Check,2014_11_17_Lana_Look14_01.jpeg
Eleve Jacket,2014_11_17_Lana_Look14_04.jpeg
Elastic Waist Dress,2014_11_17_Lana_Look14_05.jpeg
Edra Skirt,2014_11_17_Lana_Look14_06.jpeg
Elenaso Leather Trouser in Cool Grey,2014_11_17_Lana_Look14_07.jpeg
East River Stripe Sock,2014_11_17_Lana_Look28_01.jpeg
Drop Turquoise Necklace,2014_11_17_Lana_Look28_02.jpeg
Drifter Top,2014_11_17_Lana_Look28_03.jpeg
Drop Cluster Earring in Black,2014_11_17_Lana_Look28_04.jpeg
Pullup Interlock Pant,2014_11_17_Lana_Look36_04_1024x1024_db61a392-7823-41ad-a6c1-91e4c1dad5b2.jpeg
Waffle Knit Crew,2014_11_3_Addis_Look1_01.jpeg
Waffle Knit Long Sleeve Tee,2014_11_3_Addis_Look1_02.jpeg
Waffle Tank,2014_11_3_Addis_Look1_03.jpeg
Washboard Hat in Straw/White,2014_11_3_Addis_Look1_04.jpeg
Circle Skirt in Navy,2014_11_3_Addis_Look10_01_f9da69cb-0f4d-43a7-9132-d6680cdf15ae.jpeg
Cila Jumper in Mud,2014_11_3_Addis_Look10_02.jpeg
Cinosura Coat in Navy,2014_11_3_Addis_Look10_06.jpeg
Circle Bag in Black,2014_11_3_Addis_Look10_07.jpeg
Babydoll Bow Dress,2014_11_3_Addis_Look10_10.jpeg
Babydoll Tank in White,2014_11_3_Addis_Look10_11.jpeg
Backless Oxford in Brown,2014_11_3_Addis_Look10_12.jpeg
Backless Oxford in Black,2014_11_3_Addis_Look10_13.jpeg
Balan Pant in Linen,2014_11_3_Addis_Look10_14.jpeg
Avalon Sandal,2014_11_3_Addis_Look11_01.jpeg
Avenno Sandal,2014_11_3_Addis_Look11_02.jpeg
Axel Coat,2014_11_3_Addis_Look11_03.jpeg
Azur Bracelet in Blue Azurite,2014_11_3_Addis_Look11_04.jpeg
Asymmetric Dress in Cream/Black,2014_11_3_Addis_Look12_01.jpeg
Aura Library Skirt,2014_11_3_Addis_Look12_02.jpeg
Auralias Leather Top,2014_11_3_Addis_Look12_03.jpeg
Austin Shirt in Blue,2014_11_3_Addis_Look12_04.jpeg
Arsella Sandal in Red,2014_11_3_Addis_Look13_01.jpeg
Asymmetric Dress in Black,2014_11_3_Addis_Look13_02.jpeg
Ashton Necklace,2014_11_3_Addis_Look13_03.jpeg
Cashmere Tassel Blanket in Brown,2014_11_3_Addis_Look15_01.jpeg
Cashmere Knit Sock in Bronze,2014_11_3_Addis_Look15_02.jpeg
Cashmere Knit Sock in Grey,2014_11_3_Addis_Look15_03.jpeg
Cashmere Puff Sleeve Knit,2014_11_3_Addis_Look15_04.jpeg
Frimel Jacket,2014_11_3_Addis_Look17_01.jpeg
Frech Bomber,2014_11_3_Addis_Look17_02.jpeg
Freshwater Pearl Bracelet,2014_11_3_Addis_Look17_03.jpeg
Freeman Shirt,2014_11_3_Addis_Look17_04.jpeg
Lexie Shirt,2014_11_3_Addis_Look18_02.jpeg
Check Blazer,2014_11_3_Addis_Look2_01.jpeg
Chiffon Cape Back Dress in Sand,2014_11_3_Addis_Look2_02.jpeg
Chiffon Draped Dress,2014_11_3_Addis_Look2_03.jpeg
Check Shorts,2014_11_3_Addis_Look2_04.jpeg
Christina Dress TEST,2014_11_3_Addis_Look2_05.jpeg
Delicious Hipster,2014_11_3_Addis_Look20_01.jpeg
Delicious Camisole,2014_11_3_Addis_Look20_02.jpeg
Balda Button Pant,2014_11_3_Addis_Look4_01.jpeg
Balda Pant in Drop Crotch,2014_11_3_Addis_Look4_02.jpeg
Balda Short,2014_11_3_Addis_Look4_03.jpeg
Baldo Pant,2014_11_3_Addis_Look4_04.jpeg
Bali Pant,2014_11_3_Addis_Look4_05.jpeg
Cascade Necklace in Black,2014_11_3_Addis_Look5_01.jpeg
Cashmere Dot Shawl in Black/White,2014_11_3_Addis_Look5_02.jpeg
Cashmere Jersey Long Sleeve Tee in Navy,2014_11_3_Addis_Look5_03.jpeg
Cascade Necklace in Silver,2014_11_3_Addis_Look5_04.jpeg
Cashmere Knit Sock in Blue,2014_11_3_Addis_Look5_05.jpeg
Aliam Skirt,2014_11_3_Addis_Look6_01.jpeg
Ally Ring,2014_11_3_Addis_Look6_02.jpeg
Amand Shirt in Brown,2014_11_3_Addis_Look6_03.jpeg
Alverstone Jacket in Midnight,2014_11_3_Addis_Look6_04.jpeg
Amsterdam Stripe Sock,2014_11_3_Addis_Look6_05.jpeg
Easy Ribbed Tank in Black,2014_11_3_Addis_Look7_01.jpeg
Easy Slim Pant in Navy,2014_11_3_Addis_Look7_02.jpeg
Edged Wool Scarf in Off White,2014_11_3_Addis_Look7_03.jpeg
Eda Pants in Black,2014_11_3_Addis_Look7_04.jpeg
Edna Dress,2014_11_3_Addis_Look7_05.jpeg
Delano Sandal,2014_11_3_Addis_Look8_01.jpeg
David Shirt,2014_11_3_Addis_Look8_02.jpeg
Day Coat in Navy,2014_11_3_Addis_Look8_03.jpeg
Deep Pocket Skirt,2014_11_3_Addis_Look8_04.jpeg
Daydream Shirt,2014_11_3_Addis_Look8_05.jpeg
Deione Coat in Graphite Floral,2014_11_3_Addis_Look8_06.jpeg
Davi Dress,2014_11_3_Addis_Look9_07.jpeg
Daris Tee in Black,2014_11_3_Addis_Look9_08.jpeg
Daris Tee in Olive,2014_11_3_Addis_Look9_09.jpeg
Daris Tee in Blue,2014_11_3_Addis_Look9_10.jpeg
Dartmouth Shirt in White,2014_11_3_Addis_Look9_11.jpeg
Lenny Shirt,2014-07-24_Matt_119.jpeg
Lena Shirt,2014-07-24_Matt_124.jpeg
Leopold Bracelet in Green Chrysoprase,2014-07-24_Matt_125.jpeg
Ounni Shoe,2014-07-24_Matt_142.jpeg
Overprint T-Shirt in Green,2014-07-24_Matt_143.jpeg
Ostrich Plume Dress in Black,2014-07-24_Matt_144.jpeg
Ottico Vest,2014-07-24_Matt_146copy.jpeg
Overprint T-Shirt in Navy,2014-07-24_Matt_152.jpeg
Houndstooth Square in Slate,2014-07-26_Lana_Look_02_006.jpeg
Hooded Parka in Black,2014-07-26_Lana_Look_02_016.jpeg
Houndstooth Square in Rouge,2014-07-26_Lana_Look_02_018.jpeg
Hubbard Jacket in Navy,2014-07-26_Lana_Look_02_024.jpeg
Hubbard Jacket in Dark Green,2014-07-26_Lana_Look_02_025.jpeg
Reversible Beanie in Amber,2014-07-26_Lana_Look_03_029_4a424439-eab3-4eab-9b1f-7c386b9ab3a0.jpeg
Pinstripe Blazer,2014-07-26_Lana_Look_13_227.jpeg
Pip Jumpsuit,2014-07-26_Lana_Look_13_229_copy.jpeg
Plain Belt in Black,2014-07-26_Lana_Look_13_229.jpeg
Plain Belt in Brown,2014-07-26_Lana_Look_13_233.jpeg
Pleat Back Blouse in White,2014-07-26_Lana_Look_13_235.jpeg
Mandarin Collar Formal Shirt,2014-07-26_Lana_Look_15_266.jpeg
Malabar Sandal,2014-07-26_Lana_Look_15_278.jpeg
Maggie Sweater,2014-07-26_Lana_Look_15_282.jpeg
Mansfield Slim Jean,2014-07-26_Lana_Look_15_286.jpeg
Mantello Heel,2014-07-26_Lana_Look_15_287.jpeg
High Top Sneaker,2014-07-26_Lana_Look_23_374.jpeg
High Skirt,2014-07-26_Lana_Look_23_379.jpeg
Highsoft Cropped Sweat in Black,2014-07-26_Lana_Look_23_389.jpeg
Highsoft Cropped Sweat in Heather Grey,2014-07-26_Lana_Look_23_395.jpeg
Irsila Ring,2014-07-26_Lana_Look_24_403.jpeg
Jen Pant,2014-07-26_Lana_Look_24_404.jpeg
Jack Pyramid Sweater,2014-07-26_Lana_Look_24_409.jpeg
Loopwheeler Sweatshirt in Black,2014-07-26_Lana_Look_27_442.jpeg
Loopwheeler Star Pant in Grey,2014-07-26_Lana_Look_27_456.jpeg
Poldo Jacket,2014-07-26_Lana_Look_32_545.jpeg
Polka Sock,2014-07-26_Lana_Look_32_547.jpeg
Polson Skirt,2014-07-26_Lana_Look_32_552.jpeg
Milano Shirt,2014-07-26_Lana_Look_34_578.jpeg
Linen T-shirt in Dolphin,2014-08-02_Lana_Look_02_026.jpeg
Linen Western Shirt in Beige/Blue,2014-08-02_Lana_Look_02_033.jpeg
Linen T-shirt in Rope,2014-08-02_Lana_Look_02_034.jpeg
Linen Button Up in Blue Diamond,2014-08-02_Lana_Look_02_042.jpeg
Relax Dress,2014-08-02_Lana_Look_03_049.jpeg
Reasonable Jacket,2014-08-02_Lana_Look_03_053.jpeg
Quilted Mesh T-Shirt Dress in Navy,2014-08-02_Lana_Look_06_141_copy.jpeg
Quilted Mesh Mini Dress in Navy,2014-08-02_Lana_Look_06_149_copy.jpeg
Quilt Pattern Cardigan in Black/Navy,2014-08-02_Lana_Look_06_157.jpeg
Quilted Mesh Waistcoat in Black/White,2014-08-02_Lana_Look_06_162_4b854726-4af8-40b3-b124-e749b85c70c8.jpeg
Lime Cardigan,2014-08-02_Lana_Look_13_334.jpeg
Lined Scarf,2014-08-02_Lana_Look_13_349.jpeg
Linea Tight in Capri,2014-08-02_Lana_Look_13_352.jpeg
Lined Silhouette Dress in Black,2014-08-02_Lana_Look_13_353.jpeg
Lima Shirt,2014-08-02_Lana_Look_13_355.jpeg
Lietto Top,2014-08-02_Lana_Look_13_359.jpeg
Loopwheeler Sweatshirt in Grey,2014-08-02_Lana_Look_27_632.jpeg
Low Chelsea Boot in Black,2014-08-02_Lana_Look_27_637.jpeg
Louvelle Pant,2014-08-02_Lana_Look_27_639.jpeg
Low Rise Thong,2014-08-02_Lana_Look_27_643.jpeg
Primula Vest in Light Grey,2014-08-02_Lana_Look_28_649.jpeg
Prince Leather Field Jacket in Meteor,2014-08-02_Lana_Look_28_657.jpeg
Prince Brief,2014-08-02_Lana_Look_28_660.jpeg
Primula Vest in Yellow,2014-08-02_Lana_Look_28_661.jpeg
Pools Pant,2014-08-02_Lana_Look_29_669.jpeg
Pretty Grooming Bag,2014-08-02_Lana_Look_29_674.jpeg
Prayer Bead Necklace in Grey/Blue,2014-08-02_Lana_Look_29_678_757b09c9-c11d-4959-8a12-949139dac1fb.jpeg
Pracia Ring,2014-08-02_Lana_Look_29_679.jpeg
Listello Short Boot in Black,2014-08-02_Lana_Look_31_702_17928698-bc11-4701-aea3-92594f0b3283.jpeg
Lio Shirt in Grey,2014-08-02_Lana_Look_31_713.jpeg
Listello Lace-Up Boot in Slate Grey,2014-08-02_Lana_Look_31_723.jpeg
Listello Short Boot in Mud,2014-08-02_Lana_Look_32_737_73b71fd0-4297-458e-844f-da2d61c87b4d.jpeg
Long Sleeve Silk Dress,2014-08-02_Lana_Look_33_756.jpeg
Long Tank,2014-08-02_Lana_Look_33_763copy.jpeg
Long Sleeved Tee,2014-08-02_Lana_Look_33_766.jpeg
Tote Skirt,2014-08-23_Lana_Edit2_011.jpeg
Trench Coat,2014-08-23_Lana_Edit2_013.jpeg
Top Stripe Crew,2014-08-23_Lana_Edit2_014.jpeg
Trail Short,2014-08-23_Lana_Edit2_015.jpeg
Oversize Box Top,2014-08-23_Lana_Edit2_040.jpeg
Oversize Tee,2014-08-23_Lana_Edit2_041_5dff9bb3-4654-4ad7-9a47-e9e4dd273762.jpeg
Oversized Bibbed Blouse,2014-08-23_Lana_Edit2_042.jpeg
Waffle Henley,2014-08-23_Lana_Edit2_179_75cb425f-91d6-4e98-88fa-90d43c6310ed.jpeg
Voile V-Neck Dress in Navy,2014-08-23_Lana_Edit2_182.jpeg
Voile Dress in Grey Pearl,2014-08-23_Lana_Edit2_183.jpeg
Roberta Hoop Earrings,2014-08-25_Matt_Look_018.jpeg
Romary Dress,2014-08-25_Matt_Look_019.jpeg
Rolled Sleeve Trenchcoat,2014-08-25_Matt_Look_020.jpeg
Roppongi Sock,2014-08-25_Matt_Look_022.jpeg
Knit Chino Pant,2014-08-25_Matt_Look_026.jpeg
Kate Hat in Black,2014-08-25_Matt_Look_028.jpeg
Kate Hat in Steel Grey,2014-08-25_Matt_Look_029.jpeg
Kate Tunic,2014-08-25_Matt_Look_030.jpeg
Kioh Bag,2014-08-25_Matt_Look_031.jpeg
Knee-High Boot in Black,2014-08-25_Matt_Look_033.jpeg
Zig Coat in Evening,2014-08-25_Matt_Look_038.jpeg
Zipper Dress,2014-08-25_Matt_Look_040.jpeg
Zip Back Circle Blouse in Black,2014-08-25_Matt_Look_041.jpeg
Zipper Jacket,2014-08-25_Matt_Look_043.jpeg
Yeps Shirt in V-Neck,2014-08-25_Matt_Look_054.jpeg
Zepo Blazer,2014-08-25_Matt_Look_056.jpeg
Yank Crewneck Tee,2014-08-25_Matt_Look_058.jpeg
Zepo Brushed Cotton Blazer,2014-08-25_Matt_Look_059.jpeg
Zepella Sandal,2014-08-25_Matt_Look_060.jpeg
Wrapped Golf Shoe,2014-08-25_Matt_Look_062.jpeg
Wrapped Up Hat in Straw/White,2014-08-25_Matt_Look_065.jpeg
Wrap Snap Skirt in Black,2014-08-25_Matt_Look_066.jpeg
Wrinkled Tux Shirt in Navy,2014-08-25_Matt_Look_067.jpeg
Ruched Party Dress in Navy,2014-08-25_Matt_Look_077.jpeg
Roxanne Leather Clutch in Brown,2014-08-25_Matt_Look_084.jpeg
Ruche Bra,2014-08-25_Matt_Look_087.jpeg
Rudolf Top,2014-08-25_Matt_Look_089.jpeg
Roxanne Leather Clutch in Black,2014-08-25_Matt_Look_090.jpeg
Ruffle Top,2014-08-25_Matt_Look_094.jpeg
Ruffled Cabin Top,2014-08-25_Matt_Look_095.jpeg
Silk Shorts in Grey,2014-08-25_Matt_Look_106.jpeg
Silk Trench,2014-08-25_Matt_Look_107.jpeg
Silk Vintage Tee in Cork,2014-08-25_Matt_Look_108.jpeg
Silver Coil Ring in Sterling,2014-08-25_Matt_Look_109.jpeg
Silver I.D. Bracelet in Sterling,2014-08-25_Matt_Look_110.jpeg
Winter Pants in Black,2014-08-25_Matt_Look_148.jpeg
Wool Crepe Pant,2014-08-25_Matt_Look_149.jpeg
Wingtip Loafer in Yellow,2014-08-25_Matt_Look_150.jpeg
Wool Cocoon Jacket,2014-08-25_Matt_Look_154.jpeg
Giulias Pant,2014-08-25_Matt_Look_155.jpeg
Girocollo Sweater,2014-08-25_Matt_Look_156.jpeg
Gol Threaded Top,2014-08-25_Matt_Look_159.jpeg
Golf Shoe in Black,2014-08-25_Matt_Look_162.jpeg
Glove Heel,2014-08-25_Matt_Look_163.jpeg
Giacca Mohair Cardigan,2014-08-25_Matt_Look_164.jpeg
Gilet Vest,2014-08-25_Matt_Look_167.jpeg
Ginger Jacket,2014-08-25_Matt_Look_168.jpeg
Giant Throw Scarf in Slate,2014-08-25_Matt_Look_169.jpeg
Girlfriend Trouser in Black,2014-08-25_Matt_Look_171.jpeg
Washed Wool Blazer,2014-08-25_Matt_Look_173.jpeg
Watercolor Sport Jacket in Brown/Blue,2014-08-25_Matt_Look_175.jpeg
Sheer Silk Collar Button Up,2014-08-25_Matt_Look_177.jpeg
Short Silk Skirt,2014-08-25_Matt_Look_178_864d8eb3-d05b-47d7-835d-2d17eb3a4490.jpeg
Weave Jacket in Black/Blue,2014-08-25_Matt_Look_178.jpeg
Sheridan Trouser in Blue,2014-08-25_Matt_Look_179_38f21a89-a299-4de5-8f92-6e249e26347f.jpeg
Washed Tank,2014-08-25_Matt_Look_179.jpeg
Short Jacket,2014-08-25_Matt_Look_180.jpeg
Shell Dress,2014-08-25_Matt_Look_182.jpeg
Western Arkansas Button-Up in Blue Floral,2014-08-25_Matt_Look_187.jpeg
Wide Stripe Sweater,2014-08-25_Matt_Look_188.jpeg
William Hat,2014-08-25_Matt_Look_189.jpeg
Wingtip Loafer in Lime,2014-08-25_Matt_Look_191.jpeg
Wingtip Loafer in Blue,2014-08-25_Matt_Look_192.jpeg
Wingtip Loafer in Orange,2014-08-25_Matt_Look_193.jpeg
Garden Dress in Floral,2014-08-25_Matt_Look_213.jpeg
Garrison Belt,2014-08-25_Matt_Look_214.jpeg
Garnet Bracelet in Frothy Pearl,2014-08-25_Matt_Look_216.jpeg
Gem Bracelet,2014-08-25_Matt_Look_217.jpeg
Ghost Wool Jacket in Brown,2014-08-25_Matt_Look_218.jpeg
Shrunken Cardigan,2014-08-25_Matt_Look_224.jpeg
Short Sleeve Button Up,2014-08-25_Matt_Look_225.jpeg
Side Pleat Skirt,2014-08-25_Matt_Look_226.jpeg
Trub Trench,2014-09-02_Ashley_Look_26_1296.jpeg
Tucked Sleeve Blouse in Navy,2014-09-02_Ashley_Look_26_1297.jpeg
Tulle Pleat Skirt in Cream,2014-09-02_Ashley_Look_26_1299.jpeg
Tulle Pleat Skirt in Navy,2014-09-02_Ashley_Look_26_1301.jpeg
Turtleneck,2014-09-02_Ashley_Look_26_1303.jpeg
Trumpet Skirt,2014-09-02_Ashley_Look_26_1309.jpeg
McKile Blazer,2014-09-02_Ashley_Look_40_1534.jpeg
Melange T-Shirt in Navy/Black,2014-09-02_Ashley_Look_40_1536.jpeg
Mashmallow Top,2014-09-02_Ashley_Look_40_1541.jpeg
Maylin Ring,2014-09-02_Ashley_Look_40_1545.jpeg
McKile Trouser,2014-09-02_Ashley_Look_40_1547.jpeg
Megara Dress,2014-09-02_Ashley_Look_40_1551.jpeg
Medwyn Blazer,2014-09-02_Ashley_Look_40_1557.jpeg
Melange Gauze Fleece,2014-09-02_Ashley_Look_40_1563.jpeg
Triple Hoop Earring,2014-09-02_Ashley_Look_52_1837.jpeg
Trim Collar Poplin Blouse in Off White,2014-09-02_Ashley_Look_52_1844.jpeg
Troupy Pant in Silky Cotton,2014-09-02_Ashley_Look_52_1846.jpeg
Triple Rung Cuff,2014-09-02_Ashley_Look_52_1853.jpeg
Paul Shirt in Grey Flannel,2014-09-04_Addis_Look_01_01_3ba4b3a6-2c11-4edc-895a-c6854484a783.jpeg
Sailor Cardigan,2014-09-04_Addis_Look_07_04.jpeg
Salda Earrings,2014-09-04_Addis_Look_07_06.jpeg
Zoulou Coat in Black,2014-09-04_Addis_Look_11_32.jpeg
Zola Coat in Black,2014-09-04_Addis_Look_11_33.jpeg
Sancrispa Sneaker,2014-09-04_Addis_Look_15_14.jpeg
Saul Necklace,2014-09-04_Addis_Look_15_16.jpeg
Sassolo Oxford in Black,2014-09-04_Addis_Look_15_17.jpeg
Sancrispa Splatter Sneaker,2014-09-04_Addis_Look_15_18.jpeg
Sateen Trench in Navy,2014-09-04_Addis_Look_15_20.jpeg
Sailor Tee,2014-09-04_Addis_Look_16_02.jpeg
Ruven Pant in Drop Crotch,2014-09-04_Addis_Look_16_05.jpeg
Rose Necklace in Red,2014-09-04_Addis_Look_20_01.jpeg
Roumanoff Waterproof Jacket,2014-09-04_Addis_Look_20_02.jpeg
Roulette Jacket,2014-09-04_Addis_Look_20_06.jpeg
Roxanne Hoop Earrings,2014-09-04_Addis_Look_20_08.jpeg
Roullex Coat,2014-09-04_Addis_Look_20_11.jpeg
V-Strap Pocket Dress,2014-09-04_Addis_Look_26_25.jpeg
Vintage Sweatshirt in Light Grey,2014-09-04_Addis_Look_26_26.jpeg
Vibe Dress,2014-09-04_Addis_Look_26_27.jpeg
Varazze Trouser,2014-09-04_Addis_Look_26_28.jpeg
Vertical Tote,2014-09-04_Addis_Look_27_30.jpeg
Variety Pack in White,2014-09-04_Addis_Look_27_31.jpeg
Vitra Top,2014-09-04_Addis_Look_27_33.jpeg
Sharp Blazer,2014-09-04_Addis_Look_32_01.jpeg
Shawl Collar Blazer in Black,2014-09-04_Addis_Look_32_02.jpeg
Shawl Cardigan,2014-09-04_Addis_Look_32_03.jpeg
Shea Ring,2014-09-04_Addis_Look_32_04.jpeg
Block Scarf,2014-09-06_Lana_Look5_02.jpeg
Sport Jacket in Blue,2014-09-09_Ashley_Look_04_4295.jpeg
Sport Top,2014-09-09_Ashley_Look_04_4296.jpeg
Spinner Hat,2014-09-09_Ashley_Look_04_4297.jpeg
Sport Jacket in Brown,2014-09-09_Ashley_Look_04_4300.jpeg
Reversi Skirt,2014-09-09_Ashley_Look_06_4319.jpeg
Retenue Dress,2014-09-09_Ashley_Look_06_4321_23c4578a-1128-4484-a29b-b7796b3746f5.jpeg
Resine Jacket,2014-09-09_Ashley_Look_06_4329_bb44017a-73f6-4945-a446-65257a4e8912.jpeg
Reverse Bib Tunic,2014-09-09_Ashley_Look_06_4331.jpeg
Sequin High Top Sneaker,2014-09-09_Ashley_Look_19_4505.jpeg
Lale Coat,2014-09-09_Ashley_Look_31_4624.jpeg
Taban Coat in Phantom,2014-09-09_Ashley_Look_49_4810.jpeg
Tac Trouser in Mud,2014-09-09_Ashley_Look_49_4812.jpeg
Tai Trouser,2014-09-09_Ashley_Look_49_4814.jpeg
Converge Skirt,2014-09-09_Ashley_Look_49_4816_cf4fdedc-e67e-4341-9ce2-85fb696c3931.jpeg
Tabas Scarf,2014-09-09_Ashley_Look_49_4816.jpeg
Silk Pullup Pant,2014-09-14_Spencer_Look_04_02.jpeg
Silk Drop Crotch Pant,2014-09-14_Spencer_Look_04_08.jpeg
Silk Hoodie,2014-09-14_Spencer_Look_04_09.jpeg
Side Zip Slim Pant in Black,2014-09-14_Spencer_Look_04_10.jpeg
Silk Shift in Tweed and Net,2014-09-14_Spencer_Look_04_22.jpeg
Mesh Over Dress in Navy,2014-09-14_Spencer_Look_07_11.jpeg
Mesh Over Dress in Pink,2014-09-14_Spencer_Look_07_13.jpeg
Merino Knit Turtleneck in Cavern,2014-09-14_Spencer_Look_07_14.jpeg
Merino Knit Turtleneck in Black,2014-09-14_Spencer_Look_07_20.jpeg
Spring Anorak,2014-09-20_Lana_Look_08_01.jpeg
Square Cardigan in Black,2014-09-20_Lana_Look_08_03.jpeg
Square Stitch Knee Short in Black,2014-09-20_Lana_Look_08_04.jpeg
Square Cardigan in Navy,2014-09-20_Lana_Look_08_08.jpeg
Standard Shirt,2014-09-20_Lana_Look_08_09.jpeg
Suede Loafers - Black/Blue,2014-09-20_Lana_Look_24_01.jpeg
Striped Tuxedo Shirt,2014-09-20_Lana_Look_24_02.jpeg
Striped Web Belt in Navy/White,2014-09-20_Lana_Look_24_03.jpeg
Suede Oxford in Natural/Lime,2014-09-20_Lana_Look_24_06.jpeg
Surplice Dress,2014-09-20_Lana_Look_24_07.jpeg
Sueded Cotton Pant in Khaki,2014-09-20_Lana_Look_24_09.jpeg
Jogori Jacket,2014-09-20_Lana_Look_30_04_d30efe8e-cce5-41ec-b8d4-03f720c1d6f7.jpeg
Jeth Sweatshirt in Grey/Rust,2014-09-20_Lana_Look_30_06.jpeg
Kalotte Bracelet,2014-09-20_Lana_Look_30_15.jpeg
Kasuri Jersey Button-Up in Blue Grey,2014-09-20_Lana_Look_30_16.jpeg
Kasuri Jersey Button-Up in Ivory/Black,2014-09-20_Lana_Look_30_17.jpeg
Gumball Sock,2014-09-20_Lana_Look_31_01.jpeg
Gumy Lamo Top,2014-09-20_Lana_Look_31_02.jpeg
Half Bib Top,2014-09-20_Lana_Look_31_03.jpeg
Half Wrap Skirt,2014-09-20_Lana_Look_31_04.jpeg
Halo Coat,2014-09-20_Lana_Look_31_05.jpeg
Leather Convertible Backpack,2014-09-26_Spencer_Look_03_03.jpeg
Leather Cut-Off,2014-09-26_Spencer_Look_03_04.jpeg
Leather Drop Crotch Pants,2014-09-26_Spencer_Look_03_06.jpeg
Leather Front Tunic,2014-09-26_Spencer_Look_03_07.jpeg
Las Vegas Slip On,2014-09-26_Spencer_Look_04_01_3d47f1ba-64e4-4215-a253-801fdb37f68f.jpeg
Laurier Tee in Black/Navy,2014-09-26_Spencer_Look_04_07.jpeg
Lattice Bead Cuff in Silver/Black,2014-09-26_Spencer_Look_04_09.jpeg
Lavagna Lace Up,2014-09-26_Spencer_Look_04_11.jpeg
Lavanda Blazer,2014-09-26_Spencer_Look_12_02.jpeg
Layered Contrast Dress in Cream/Black,2014-09-26_Spencer_Look_12_06.jpeg
Lavanda Stripe Blazer,2014-09-26_Spencer_Look_12_07_1024x1024_4749678d-66c6-4552-9891-3d40ccc10824.jpeg
Leace Cuff,2014-09-26_Spencer_Look_12_08.jpeg
Leather Bomber Jacket in Dust,2014-09-26_Spencer_Look_12_12.jpeg
Tie Neck Wool Dress in Black,2014-09-30_Ashley_Look_01_8352.jpeg
Tetra Top,2014-09-30_Ashley_Look_01_8353.jpeg
Tie Dress in Navy,2014-09-30_Ashley_Look_01_8358.jpeg
Textured Trouser,2014-09-30_Ashley_Look_01_8359.jpeg
Three Button Blazer,2014-09-30_Ashley_Look_01_8362.jpeg
Tie Trousers,2014-09-30_Ashley_Look_02_8364.jpeg
Tie Waist Dress in Black,2014-09-30_Ashley_Look_02_8366.jpeg
Bi-Goutte Earrings,2014-09-30_Ashley_Look_02_8367_e425efca-7205-428b-a95a-90c111ff1182.jpeg
Tonny Belt,2014-09-30_Ashley_Look_02_8367.jpeg
Tipsy Anklet,2014-09-30_Ashley_Look_02_8368.jpeg
Tied Sleeve Dress,2014-09-30_Ashley_Look_02_8371.jpeg
Spinne Bracelet,2014-09-30_Ashley_Look_03_8376.jpeg
Slim Fit Jean in Indigo,2014-09-30_Ashley_Look_03_8379.jpeg
Sola Coat,2014-09-30_Ashley_Look_03_8383.jpeg
Spike Jacket,2014-09-30_Ashley_Look_03_8386.jpeg
Soft Sleeve Button Up,2014-09-30_Ashley_Look_03_8389.jpeg
Harlequin Belt in Brown,2014-09-30_Ashley_Look_04_8404.jpeg
Harem Chino Short,2014-09-30_Ashley_Look_04_8408.jpeg
Harem Chino Pant,2014-09-30_Ashley_Look_04_8410.jpeg
Hamlet Pant,2014-09-30_Ashley_Look_04_8413.jpeg
Niamo Dress,2014-10-10_Addis_Look_08_01.jpeg
No Show Sock,2014-10-10_Addis_Look_08_03.jpeg
No. 77 Perfume in Figue Orange,2014-10-10_Addis_Look_08_04.jpeg
No. V Perfume in Vetyver,2014-10-10_Addis_Look_08_05.jpeg
Sheen Button-Up in Red/Tan,2014-10-10_Addis_Look_13_02.jpeg
Sheer Button-Up Blouse in Pale Blue,2014-10-10_Addis_Look_13_03.jpeg
Sheer Dress,2014-10-10_Addis_Look_13_04.jpeg
Sheer Button-Up Blouse in Ivory,2014-10-10_Addis_Look_13_05.jpeg
Reversible Quilted Coat,2014-10-18_Lana_Look_15_02.jpeg
Reversible Quilted Vest,2014-10-18_Lana_Look_15_03.jpeg
Reversible Tie Top,2014-10-18_Lana_Look_15_04.jpeg
Curios Sweatshirt in Steel Grey,20141215_Lana-1326_1da172ee-a30d-4465-8edc-e7c405b613e4.jpeg
Imperial Tunic,20141215_Lana-277.jpeg
Ilo Coat in Teak,20141215_Lana-280.jpeg
Hubsi Sweater Dress,20141215_Lana-295.jpeg
Ink Splatter Shoulder Bag in Mustard/Blue,20141215_Lana-305.jpeg
Block Button Up,2015-02-02_Accessories_12_12413_2126.jpeg
Block Wedge in Black,2015-02-02_Accessories_12_12413_2130.jpeg
Block Wedge in Dark Slate,2015-02-02_Accessories_12_12413_2131.jpeg
Beth Top,2015-02-02_Accessories_13_12409_2133.jpeg
Bias Slip Dress,2015-02-02_Accessories_13_12409_2135.jpeg
Big Army Jacket in Olive,2015-02-02_Accessories_13_12409_2137.jpeg
Pigeon Scarf,2015-04-02_Accessories_26_21638_17902.jpeg
Pikki Mittens in Fuchsia,2015-04-02_Accessories_26_21638_17903.jpeg
Pill Zip Sweater in Anthracite,2015-04-02_Accessories_26_21638_17904.jpeg
Pill Zip Sweater in Black,2015-04-02_Accessories_26_21638_17907.jpeg
Anatole Ring,2015-04-20_Accessories_20_12072_21332.jpeg
Anchor Necklace,2015-04-20_Accessories_20_12072_21333.jpeg
Annie Necklace,2015-04-20_Accessories_20_12072_21334.jpeg
"Antidote ""13"" Tee in Mood Indigo",2015-04-20_Accessories_20_12072_21335.jpeg
Full Collar Poplin Blouse in Off White,2015-04-20_Accessories_21_15669_21336.jpeg
Full Size Breastplate Belt,2015-04-20_Accessories_21_15669_21337.jpeg
Full Skirt,2015-04-20_Accessories_21_15669_21338.jpeg
Garbo Henley in Grey,2015-04-20_Accessories_21_15669_21339.jpeg
"Antidote ""Joie"" Tee in Taupe",2015-04-20_Accessories_23_12075_21344.jpeg
April Ring,2015-04-20_Accessories_23_12075_21345.jpeg
Aqualina Sandal,2015-04-20_Accessories_23_12075_21346.jpeg
Coopia Skirt in Black,2015-04-30_Reshoot_03_13988_21425.jpeg
Corazon Shirt,2015-04-30_Reshoot_03_13988_21427.jpeg
Cotton Henley in Blue Grey,2015-04-30_Reshoot_03_13988_21428.jpeg
Cotton Jacket in Navy,2015-04-30_Reshoot_03_13988_21429.jpeg
Cotton Long Tee in Ink,2015-04-30_Reshoot_03_13988_21430.jpeg
Contrast Boy Shirt,2015-04-30_Reshoot_03_13996_21431.jpeg
Contrast Cuff Pant in Black,2015-04-30_Reshoot_03_13996_21432.jpeg
Contrast Felted Sweater in Black,2015-04-30_Reshoot_03_13996_21433.jpeg
Contrast Parka,2015-04-30_Reshoot_03_13996_21434.jpeg
Contrast Zipper Skirt in Navy,2015-04-30_Reshoot_03_13996_21435.jpeg
Crazy Mallory Jacket in Blue Mix,2015-05-01_Accessories_05_14103_21517.jpeg
Cropped Shawl Cardigan,2015-05-01_Accessories_05_14103_21518.jpeg
Cuffed Mesh Tee in Cream/Black,2015-05-08_Laydown_Look2_14120_21582.jpeg
Cuffed Mesh Tee in Navy/Black,2015-05-08_Laydown_Look2_14120_21583.jpeg
Cross Trouser,2015-05-08_Laydown_Look2_14120_21584.jpeg
Button Shoulder Pullover in Black,2015-05-08_Laydown_Look3_12640_21588.jpeg
Button Up Dress,2015-05-08_Laydown_Look3_12640_21590.jpeg
Button Up Shirt in Navy,2015-05-08_Laydown_Look3_12640_21591.jpeg
Camelia Reversible Jacket in Black/Red,2015-05-08_Laydown_Look3_12640_21593.jpeg
Camelia Reversible Jacket in Navy/Blue,2015-05-08_Laydown_Look3_12640_21594.jpeg
Camicia Classic Shirt in Navy,2015-05-08_Laydown_Look3_12640_21595.jpeg
Camicia Slim Shirt in Celestial,2015-05-08_Laydown_Look3_12640_21597.jpeg
Oxford Shirt,2015-05-13_Reshoot_Look12_16988_21808.jpeg
Citib Pique Jacket,2015-05-13_Reshoot_Look4_13129_21790.jpeg
Patchwork Dress,2015-05-13_Reshoot_Look5_16995_21792.jpeg
Pearl Tee,2015-05-13_Reshoot_Look6_17002_21794.jpeg
Classic Doc Bag,2015-05-13_Reshoot_Look8_16572_21799.jpeg
Argon Sweater,6_21_LOOKS072.jpeg
Ara Ring,6_21_LOOKS077.jpeg
Arrigo Pant,6_21_LOOKS089.jpeg
Heidi Pant,6_21_LOOKS205_copy.jpeg
Hemp Dress in Natural,6_21_LOOKS205.jpeg
Hemp Jacket,6_21_LOOKS215.jpeg
Mesh Tote,6_21_LOOKS371.jpeg
Mesh Over Tee in Navy,6_21_LOOKS393.jpeg
Metallic Sequin Low Top Sneaker,6_21_LOOKS396.jpeg
Longsleeve Blouse in Blue Stripe,babyandcompany_JUL26_460.jpeg
Laceless Sneaker,Product_16205_a_1024x1024_5a868817-7fd6-43f3-a092-faa7069ca7a3.jpeg
Lakai Pant in Phantom,Product_16205_b.jpeg
Millenium Tank in Black,Product_16826_a.jpeg
Milton Jacket,Product_16826_b.jpeg
Milward Blazer,Product_16826_c.jpeg
Neoprene Flower Dress in Black,product_apperal_maurogrifoni_grey.jpeg
Pin Tuck Blouse,product_bag_marsell_fantasma_mud02.jpeg
Pink Bib Dress in White,product_bag_marsell_fantasma_mud04.jpeg
Coltellino Loafer,product_bag_saisei_ink-splatter-shoulder-bag_mustardblue01.jpeg
Combat Ankle Boot in Black,product_bag_saisei_ink-splatter-shoulder-bag_mustardblue02.jpeg
Combed Cotton Brief,product_bag_saisei_ink-splatter-shoulder-bag_mustardblue03.jpeg
Alia Knit Trouser,product_bracelet_1-100_bracelet3_01.jpeg
Alex Twill Pant in Navy,product_bracelet_1-100_bracelet41_01.jpeg
Alex Twill Pant in Sand,product_bracelet_1-100_bracelet41_02_1024x1024_4cf03d97-1d41-4b58-854c-ee22b23561cb.jpeg
Fringed Textile,product_bracelet_1-100_bracelet65_01_1024x1024_681b5c42-4d33-4aed-8583-514cc34173a9.jpeg
Fritje Jacket,product_bracelet_1-100_bracelet65_02.jpeg
Front Press Pant,product_bracelet_1-100_silver-id-bracelet_01_1024x1024_967ee005-f395-48cc-bc59-8c542bbc1774.jpeg
Full Collar Poplin Blouse in Navy,product_bracelet_1-100_silver-id-bracelet_02.jpeg
Culottes,product_bracelet_5octobre_leopold-bracelet_01.jpeg
Cuffed Skirt,product_bracelet_5octobre_leopold-bracelet_02.jpeg
Pond Pearl Bracelet,product_bracelet_kalosoma_oaxacan-bracelet_garnet_01.jpeg
Sergio Pant,product_bracelet_mariacalderara_lattice-bead-cuff_silver-black01.jpeg
Seersucker Five Button Blazer,product_earring_mariacalderara_drop-cluster-earring_black01.jpeg
Seva Top,product_earring_mariacalderara_float-bead-earring_pearl01.jpeg
Shahmeena Cocoon Coat in Black,product_earring_mariacalderara_float-bead-earring_pearl02.jpeg
Lane Bead Bracelet in Gold Brass,product_hat_epice_reversible-beanie_amber01.jpeg
Laney Shirt,product_hat_epice_reversible-beanie_amber02.jpeg
Large Polka Dot Sheer Crew,Product_Hats_Epice_Reversible_Beanie_Amber_8813.jpeg
Lark Dress,Product_Hats_Epice_Reversible_Beanie_Amber_8815.jpeg
Lara Shirt in White,Product_Hats_Epice_Reversible_Beanie_Amber_8816.jpeg
Secon Shale Shirt in Slate,product_necklace_mariacalderara_anchor-necklace01.jpeg
Second Skin Slip in Nude,product_necklace_mariacalderara_anchor-necklace02.jpeg
Scavata Ankle Boot in Bronze,product_necklace_mariacalderara_cascade-necklace_black01.jpeg
Scomposta Scarf,product_necklace_mariacalderara_cascade-necklace_black02.jpeg
Scotland Button-Up in Black,product_necklace_mariacalderara_cascade-necklace_silver01.jpeg
Scotland Button-Up in Navy,product_necklace_mariacalderara_cascade-necklace_silver02.jpeg
Sergio Short,product_necklace_mariacalderara_rose-necklace_red01.jpeg
Serra Blazer in Forest,product_necklace_mariacalderara_rose-necklace_red02.jpeg
Raps Pant in Black,Product_Scarves_Avant_Toi_Knit_Neck_Warmer_Grey_8840.jpeg
Rano Top,Product_Scarves_Avant_Toi_Knit_Neck_Warmer_Grey_8843.jpeg
Raw Denim,Product_Scarves_Avant_Toi_Knit_Neck_Warmer_Grey_8844.jpeg
Big Moon Hat,Product_Shoes_AmeliaToro_GolfShoe_black_03.jpeg
Bizi Cap Toe Loafer in Rose/Aubergine,Product_Shoes_AmeliaToro_GolfShoe_black02.jpeg
Boat Neck Top in Black,Product_Shoes_AmeliaToro_GolfShoe_white04.jpeg
Pahpah Dress,Product_Shoes_Marsell_listellolaceup_slategrey02.jpeg
Pennolina Calf Boot in Brown,Product_Shoes_Marsell_listelloshortboot_black02.jpeg
Peone Jacket in Khaki,Product_Shoes_Marsell_listelloshortboot_black03.jpeg
Patterned Button Up in Beige,Product_Shoes_Marsell_listelloshortboot_mud02.jpeg
Pau Shirt in White,Product_Shoes_Marsell_listelloshortboot_mud03.jpeg
Draped Neck Cardigan,Product_Shoes_MeherKakalia_BiziCapToeLoafer_RoseAubergine01.jpeg
Drawstring Pant,Product_Shoes_MeherKakalia_BiziCapToeLoafer_RoseAubergine02.jpeg
Dream Dress in Painted Floral,Product_Shoes_MeherKakalia_BiziCapToeLoafer_RoseAubergine03.jpeg
Dress Pant,Product_Shoes_MeherKakalia_BiziCapToeLoafer_RoseAubergine04.jpeg
Boyfriend Jean,Products_12606a.jpeg
Bracelet 41 in Silver,Products_12606b.jpeg
Bracelet 3 in Silver,Products_12606c.jpeg
Bracelet 65 in Black,Products_12606d.jpeg
Broken Leather Bomber in Black,Products_12625a_1024x1024_97e01ba3-a055-48f7-8405-2fffa1d9f1f3.jpeg
Bubble Peasant Top,Products_12625b.jpeg
Buckle Cap in Felt,Products_12625c.jpeg
Buckle Shoe in Navy,Products_12625d.jpeg
Buckle Strap Heel in Brown,Products_12625e.jpeg
Buckle-less Belt in Black,Products_12632a.jpeg
Business Jacket,Products_12632b.jpeg
Bulk Stitch Cardigan in Cloud,Products_12632c.jpeg
Buckle-less Belt in Brown,Products_12632d.jpeg
Boat Neck Top in Marine,Products_126592a.jpeg
Border Dress in Black/Silver,Products_126592b.jpeg
Bond Trunk,Products_126592c.jpeg
Boucle Turtle Neck in Green/Black,Products_126592d.jpeg
Clarence Trouser in Black,Products_13130b.jpeg
Classic Brogue,Products_13130c.jpeg
Classic Button Down,Products_13130d.jpeg
Classic Mallory Loomstate Linen,Products_13136a.jpeg
Coinpocket Pant,Products_13136b.jpeg
Colorblock Silk Crew,Products_13136c.jpeg
Melange Waffle Top,Products_16703a_1024x1024_0c5645ec-b25e-41e9-92ff-42ae3ec1894a.jpeg
Meldrick Blazer,Products_16703b.jpeg
Men's Chino in Black,Products_16703c.jpeg
Unbalanced Cardigan in Black,Products_18113a_1024x1024_2a8d0b22-6416-49c5-8cb3-b1bcc980b82c.jpeg
Uti Drape Dress,Products_18113b.jpeg
Unisex Pique Sweater,Products_18113c.jpeg
Unisex Cotton Tencel Shirt,Products_18113d.jpeg
Unisex Shawl Cardigan,Products_18113e.jpeg
Kuku Skirt,products_scarves_epice_16204_a_1024x1024_b3237e3c-eede-41ce-8a07-60a7baeeeb00.jpeg
Lace Dress,products_scarves_epice_16204_b.jpeg
Men's Completo Suit in Grey,products_scarves_epice_16705_a_1024x1024_02db1c56-027b-4947-89bd-e7847c10784a.jpeg
Merino Jacket,products_scarves_epice_16705_b.jpeg
Pleated Skirt in Glitter Dots,products_socks_17041_a.jpeg
Pleated Rita Dress in Dark Navy,products_socks_17041_b.jpeg
Ruffled Tank Top in Navy,products_socks_17477_a.jpeg
Rugby Stripe Sock,products_socks_17477_b.jpeg
Rulah Tank,products_socks_17478_a.jpeg
Rumor Jacket,products_socks_17478_b.jpeg
Rustin Jacket,products_socks_17479_a.jpeg
Ruven Drop Crotch Pant,products_socks_17479_b.jpeg
Box Trench,Verba_6773.jpeg
Boy Shirt,Verba_6776.jpeg
Boy Shirt in 11 Pin,Verba_6778.jpeg
Boy Shirt in Pin,Verba_6780.jpeg
British Officer's Shirt,Verba_6781.jpeg
British Officer's Shirt in Sky Blue,Verba_6783.jpeg
Bro Belt in Leather,Verba_6784.jpeg
Bro Textured Belt,Verba_6785.jpeg
Bracelet 84 in Silver,Verba_6796.jpeg
Bracelet 85 in Grey Silk/Silver,Verba_6799.jpeg
Braid Bracelet,Verba_6800.jpeg
Brandy Tank in Black,Verba_6802.jpeg